<wiidisc version="1">
	<id game="SB4">
		<region type="P"/>
		<region type="E"/>
		<region type="J"/>
	</id>
	<options>
		<section name="SMG2 Bingo">
			<option name="SMG2 Bingo Mod">
				<choice name="Enabled">
					<patch id="debug"/>
					<patch id="SMG2 Bingo" />
				</choice>
			</option>
		</section>
	</options>
	<patch id="debug">
		<memory offset="0x804B7D90" value="60000000"/>
		<memory offset="0x804B7E54" value="60000000"/>
		<memory offset="0x805B66B4" value="60000000"/>
	</patch>
	<patch id="SMG2 Bingo">
		<folder external="/SMG2 Bingo/StageData" disc="/StageData" recursive="true" create="true" />
		<folder external="/SMG2 Bingo/ObjectData" disc="/ObjectData" recursive="true" create="true" />
		<folder external="/SMG2 Bingo/LocalizeData" disc="/LocalizeData" recursive="true" create="true" />
		<folder external="/SMG2 Bingo/LocalizeData/UsEnglish" disc="/LocalizeData/UsEnglish" recursive="true" create="true" />
		<folder external="/SMG2 Bingo/LocalizeData/UsEnglish" disc="/LocalizeData/UsFrench" recursive="true" create="true" />
		<folder external="/SMG2 Bingo/LocalizeData/UsEnglish" disc="/LocalizeData/UsSpanish" recursive="true" create="true" />
		<folder external="/SMG2 Bingo/LocalizeData/UsEnglish" disc="/LocalizeData/EuDutch" recursive="true" create="true" />
		<folder external="/SMG2 Bingo/LocalizeData/UsEnglish" disc="/LocalizeData/EuEnglish" recursive="true" create="true" />
		<folder external="/SMG2 Bingo/LocalizeData/UsEnglish" disc="/LocalizeData/EuFrench" recursive="true" create="true" />
		<folder external="/SMG2 Bingo/LocalizeData/UsEnglish" disc="/LocalizeData/EuGerman" recursive="true" create="true" />
		<folder external="/SMG2 Bingo/LocalizeData/UsEnglish" disc="/LocalizeData/EuSpanish" recursive="true" create="true" />
		<folder external="/SMG2 Bingo/LocalizeData/UsEnglish" disc="/LocalizeData/EuItalian" recursive="true" create="true" />
		<folder external="/SMG2 Bingo/LayoutData" disc="/LayoutData" recursive="true" create="true" />
		<folder external="/SMG2 Bingo/AudioRes" disc="/AudioRes" recursive="true" create="true" />
		<memory offset="0x800248B0" value="386000014E800020"/>
	</patch>
</wiidisc>
